<?xml version="1.0" encoding="UTF-8"?>
<!DOCTYPE fontscolors PUBLIC "-//NetBeans//DTD Editor Fonts and Colors settings 1.2//EN" "http://netbeans.apache.org/dtds/EditorFontsColors-1_2.dtd">
<fontscolors>
    <fontcolor bgColor="darkGray" name="nbeditor-bracesMatching-match"/>
    <fontcolor bgColor="ffffffe0" foreColor="black" name="coverage-partial"/>
    <fontcolor foreColor="cyan" name="synchronized-text-blocks-ext"/>
    <fontcolor bgColor="ff6c1b1b" name="nbeditor-bracesMatching-mismatch"/>
    <fontcolor bgColor="darkGray" name="readonly-files"/>
    <fontcolor bgColor="black" name="line-number"/>
    <fontcolor bgColor="ff001515" name="highlight-caret-row"/>
    <fontcolor foreColor="white" name="caret-color-overwrite-mode"/>
    <fontcolor foreColor="yellow" name="synchronized-text-blocks-ext-slave"/>
    <fontcolor bgColor="ffccffcc" foreColor="black" name="coverage-covered"/>
    <fontcolor bgColor="ffdfdfdf" foreColor="black" name="guarded"/>
    <fontcolor bgColor="ff666600" name="trailing-whitespace"/>
    <fontcolor bgColor="ff006666" name="selection"/>
    <fontcolor bgColor="ffe0ffe0" foreColor="black" name="coverage-inferred"/>
    <fontcolor bgColor="ffffcccc" foreColor="black" name="coverage-uncovered"/>
    <fontcolor bgColor="ffccffcc" foreColor="black" name="remove-surround-code-remain"/>
    <fontcolor bgColor="darkGray" name="nbeditor-bracesMatching-match-multichar"/>
    <fontcolor bgColor="ff6c1b1b" name="nbeditor-bracesMatching-mismatch-multichar"/>
    <fontcolor foreColor="white" name="caret-color-insert-mode"/>
    <fontcolor foreColor="ff0050ff" name="hyperlinks" underline="ff0050ff"/>
</fontscolors>
