<?xml version="1.0" encoding="UTF-8"?>
<library xmlns="http://www.netbeans.org/ns/library-declaration/2" version="2.0">
    <name>Java-EE-GlassFish-v3-Prelude</name>
    <type>serverlibrary</type>
    <volume>
        <type>classpath</type>
        <resource>jar:file:/usr/local/glassfish-v3-prelude/glassfish/modules/web/javax.servlet.jsp.jstl.jar!/</resource>
        <resource>jar:file:/usr/local/glassfish-v3-prelude/glassfish/modules/jsf-api.jar!/</resource>
        <resource>jar:file:/usr/local/glassfish-v3-prelude/glassfish/modules/javax.enterprise.deploy.jar!/</resource>
        <resource>jar:file:/usr/local/glassfish-v3-prelude/glassfish/modules/javax.annotation.jar!/</resource>
        <resource>jar:file:/usr/local/glassfish-v3-prelude/glassfish/modules/javax.transaction.jar!/</resource>
        <resource>jar:file:/usr/local/glassfish-v3-prelude/glassfish/modules/javax.persistence.jar!/</resource>
        <resource>jar:file:/usr/local/glassfish-v3-prelude/glassfish/modules/javax.security.jacc.jar!/</resource>
        <resource>jar:file:/usr/local/glassfish-v3-prelude/glassfish/modules/javax.resource.jar!/</resource>
        <resource>jar:file:/usr/local/glassfish-v3-prelude/glassfish/modules/web/jstl-impl.jar!/</resource>
        <resource>jar:file:/usr/local/glassfish-v3-prelude/glassfish/modules/javax.security.auth.message.jar!/</resource>
        <resource>jar:file:/usr/local/glassfish-v3-prelude/glassfish/modules/javax.mail.jar!/</resource>
        <resource>jar:file:/usr/local/glassfish-v3-prelude/glassfish/modules/javax.xml.stream.jar!/</resource>
        <resource>jar:file:/usr/local/glassfish-v3-prelude/glassfish/modules/javax.activation.jar!/</resource>
        <resource>jar:file:/usr/local/glassfish-v3-prelude/glassfish/modules/javax.servlet.jar!/</resource>
        <resource>jar:file:/usr/local/glassfish-v3-prelude/glassfish/modules/web/jsf-impl.jar!/</resource>
        <resource>jar:file:/usr/local/glassfish-v3-prelude/glassfish/modules/javax.servlet.jsp.jar!/</resource>
    </volume>
    <volume>
        <type>embedabbleejb</type>
    </volume>
    <volume>
        <type>wscompile</type>
    </volume>
    <volume>
        <type>wsgenerate</type>
    </volume>
    <volume>
        <type>wsimport</type>
    </volume>
    <volume>
        <type>wsinterop</type>
    </volume>
    <volume>
        <type>wsjwsdp</type>
    </volume>
    <volume>
        <type>javadoc</type>
        <resource>jar:file:/usr/local/netbeans-7.1.2/enterprise/docs/javaee6-doc-api.zip!/</resource>
    </volume>
    <volume>
        <type>src</type>
    </volume>
</library>
