<?xml version="1.0" encoding="UTF-8"?>
<!DOCTYPE fontscolors PUBLIC "-//NetBeans//DTD Editor Fonts and Colors settings 1.1//EN" "http://www.netbeans.org/dtds/EditorFontsColors-1_1.dtd">
<fontscolors>
    <fontcolor bgColor="ff454400" default="default" name="cc-highlighting-mark-occurrences"/>
    <fontcolor default="default" foreColor="ff969696" name="cc-highlighting-inactive"/>
    <fontcolor default="default" foreColor="ff2e92c7" name="cc-highlighting-macros-system"/>
    <fontcolor default="method" name="cc-highlighting-function"/>
    <fontcolor default="default" foreColor="ff2e92c7" name="cc-highlighting-macros"/>
    <fontcolor default="string" name="string-escape"/>
    <fontcolor default="string" name="string-escape-invalid" waveUnderlined="red"/>
    <fontcolor default="default" foreColor="ff2e92c7" name="cc-highlighting-macros-user"/>
    <fontcolor default="comment" name="html-tag"/>
    <fontcolor default="comment" name="doxygen-tag"/>
</fontscolors>
