<?xml version="1.0" encoding="UTF-8"?>
<!DOCTYPE editor-macros PUBLIC "-//NetBeans//DTD Editor Macros settings 1.1//EN" "http://www.netbeans.org/dtds/EditorMacros-1_1.dtd">
<editor-macros>
    <macro name="refaction" xml:space="preserve"><shortcut keystrokes="DO-Z"/><code><![CDATA[caret-begin-line caret-down caret-forward caret-forward caret-forward caret-forward caret-forward caret-forward caret-forward caret-forward caret-forward in-place-refactoring]]></code></macro>
    <macro name="LN" xml:space="preserve"><shortcut keystrokes="O-0"/><code><![CDATA["0" caret-down "1" caret-down "2" caret-down "3" caret-down "4" caret-down "5" caret-down "6" caret-down "7" caret-down "8" caret-down "9" caret-down "A" caret-down "B" caret-down "C" caret-down "D" caret-down "E" caret-down "F" caret-down]]></code></macro>
    <macro name="COPYDOWN" xml:space="preserve"><shortcut keystrokes="D-QUOTE"/><code><![CDATA[selection-down copy-to-clipboard delete-previous caret-down paste-from-clipboard]]></code></macro>
    <macro name="UL" xml:space="preserve"><shortcut keystrokes="O-MINUS"/><code><![CDATA["_" caret-down]]></code></macro>
    <macro name="hex prefix" xml:space="preserve"><shortcut keystrokes="O-X"/><code><![CDATA[" 0x" caret-down]]></code></macro>
    <macro name="LLN" xml:space="preserve"><shortcut keystrokes="O-1"/><code><![CDATA["0" caret-down "0" caret-down "0" caret-down "0" caret-down "0" caret-down "0" caret-down "0" caret-down "0" caret-down "0" caret-down "0" caret-down "0" caret-down "0" caret-down "0" caret-down "0" caret-down "0" caret-down "0" caret-down "1" caret-down "1" caret-down "1" caret-down "1" caret-down "1" caret-down "1" caret-down "1" caret-down "1" caret-down "1" caret-down "1" caret-down "1" caret-down "1" caret-down "1" caret-down "1" caret-down "1" caret-down "1" caret-down "2" caret-down "2" caret-down "2" caret-down "2" caret-down "2" caret-down "2" caret-down "2" caret-down "2" caret-down "2" caret-down "2" caret-down "2" caret-down "2" caret-down "2" caret-down "2" caret-down "2" caret-down "2" caret-down "3" caret-down "3" caret-down "3" caret-down "3" caret-down "3" caret-down "3" caret-down "3" caret-down "3" caret-down "3" caret-down "3" caret-down "3" caret-down "3" caret-down "3" caret-down "3" caret-down "3" caret-down "3" caret-down "4" caret-down "4" caret-down "4" caret-down "4" caret-down "4" caret-down "4" caret-down "4" caret-down "4" caret-down "4" caret-down "4" caret-down "4" caret-down "4" caret-down "4" caret-down "4" caret-down "4" caret-down "4" caret-down "5" caret-down "5" caret-down "5" caret-down "5" caret-down "5" caret-down "5" caret-down "5" caret-down "5" caret-down "5" caret-down "5" caret-down "5" caret-down "5" caret-down "5" caret-down "5" caret-down "5" caret-down "5" caret-down "6" caret-down "6" caret-down "6" caret-down "6" caret-down "6" caret-down "6" caret-down "6" caret-down "6" caret-down "6" caret-down "6" caret-down "6" caret-down "6" caret-down "6" caret-down "6" caret-down "6" caret-down "6" caret-down "7" caret-down "7" caret-down "7" caret-down "7" caret-down "7" caret-down "7" caret-down "7" caret-down "7" caret-down "7" caret-down "7" caret-down "7" caret-down "7" caret-down "7" caret-down "7" caret-down "7" caret-down "7" caret-down "8" caret-down "8" caret-down "8" caret-down "8" caret-down "8" caret-down "8" caret-down "8" caret-down "8" caret-down "8" caret-down "8" caret-down "8" caret-down "8" caret-down "8" caret-down "8" caret-down "8" caret-down "8" caret-down "9" caret-down "9" caret-down "9" caret-down "9" caret-down "9" caret-down "9" caret-down "9" caret-down "9" caret-down "9" caret-down "9" caret-down "9" caret-down "9" caret-down "9" caret-down "9" caret-down "9" caret-down "9" caret-down "9" caret-down "9" caret-down "9" caret-down "9" caret-down "9" caret-down "9" caret-down "9" caret-down "9" caret-down "A" caret-down "A" caret-down "A" caret-down "A" caret-down "A" caret-down "A" caret-down "A" caret-down "A" caret-down "A" caret-down "A" caret-down "A" caret-down "A" caret-down "A" caret-down "A" caret-down "A" caret-down "A" caret-down "B" caret-down "B" caret-down "B" caret-down "B" caret-down "B" caret-down "B" caret-down "B" caret-down "B" caret-down "B" caret-down "B" caret-down "B" caret-down "B" caret-down "B" caret-down "B" caret-down "B" caret-down "B" caret-down "C" caret-down "C" caret-down "C" caret-down "C" caret-down "C" caret-down "C" caret-down "C" caret-down "C" caret-down "C" caret-down "C" caret-down "C" caret-down "C" caret-down "C" caret-down "C" caret-down "C" caret-down "C" caret-down "D" caret-down "D" caret-down "D" caret-down "D" caret-down "D" caret-down "D" caret-down "D" caret-down "D" caret-down "D" caret-down "D" caret-down "D" caret-down "D" caret-down "D" caret-down "D" caret-down "D" caret-down "D" caret-down "E" caret-down "E" caret-down "E" caret-down "E" caret-down "E" caret-down "E" caret-down "E" caret-down "E" caret-down "E" caret-down "E" caret-down "E" caret-down "E" caret-down "E" caret-down "E" caret-down "E" caret-down "E" caret-down "F" caret-down "F" caret-down "F" caret-down "F" caret-down "F" caret-down "F" caret-down "F" caret-down "F"  caret-down "F" caret-down "F" caret-down "F" caret-down "F" caret-down "F" caret-down "F" caret-down "F" caret-down "F"]]></code></macro>
</editor-macros>
