<?xml version="1.0" encoding="UTF-8"?>
<!DOCTYPE MIME-resolver PUBLIC "-//NetBeans//DTD MIME Resolver 1.1//EN" "http://www.netbeans.org/dtds/mime-resolver-1_1.dtd">
<MIME-resolver>
    <file>
        <ext name="pde"/>
        <ext name="ino"/>
        <resolver mime="text/x-c++"/>
    </file>
    <file>
        <ext name="Arduino_toplevel"/>
        <ext name="Arduino_Make"/>
        <resolver mime="text/x-make"/>
    </file>
    <file>
        <ext name="inl"/>
        <ext name="ixx"/>
        <resolver mime="text/x-h"/>
    </file>
</MIME-resolver>
