<?xml version="1.0" encoding="UTF-8"?>
<library xmlns="http://www.netbeans.org/ns/library-declaration/3" version="3.0">
    <name>Java-EE-GlassFish-v3-Prelude</name>
    <type>j2se</type>
    <description>Java EE jars that are bundled with the most recently registered GlassFish installation</description>
    <display-name>Java EE from GlassFish</display-name>
    <volume>
        <type>classpath</type>
        <resource>jar:file:/home/xxxajk/GlassFish_Server5.1.0/glassfish/modules/endorsed/grizzly-npn-bootstrap.jar!/</resource>
        <resource>jar:file:/home/xxxajk/GlassFish_Server5.1.0/glassfish/modules/endorsed/webservices-api-osgi.jar!/</resource>
        <resource>jar:file:/home/xxxajk/GlassFish_Server5.1.0/glassfish/modules/endorsed/jakarta.xml.bind-api.jar!/</resource>
        <resource>jar:file:/home/xxxajk/GlassFish_Server5.1.0/glassfish/modules/endorsed/jakarta.annotation-api.jar!/</resource>
        <resource>jar:file:/home/xxxajk/GlassFish_Server5.1.0/glassfish/modules/cdi-api.jar!/</resource>
        <resource>jar:file:/home/xxxajk/GlassFish_Server5.1.0/glassfish/modules/weld-osgi-bundle.jar!/</resource>
        <resource>jar:file:/home/xxxajk/GlassFish_Server5.1.0/glassfish/modules/javax.batch-api.jar!/</resource>
        <resource>jar:file:/home/xxxajk/GlassFish_Server5.1.0/glassfish/modules/bean-validator.jar!/</resource>
        <resource>jar:file:/home/xxxajk/GlassFish_Server5.1.0/glassfish/modules/jaxb-osgi.jar!/</resource>
        <resource>jar:file:/home/xxxajk/GlassFish_Server5.1.0/glassfish/modules/webservices-osgi.jar!/</resource>
        <resource>jar:file:/home/xxxajk/GlassFish_Server5.1.0/mq/lib/jaxm-api.jar!/</resource>
    </volume>
    <volume>
        <type>src</type>
    </volume>
    <volume>
        <type>javadoc</type>
        <resource>jar:file:/usr/local/netbeans-12.0/netbeans/enterprise/docs/javaee-doc-api.jar!/</resource>
    </volume>
    <volume>
        <type>maven-pom</type>
    </volume>
    <properties/>
</library>
