<?xml version="1.0" encoding="UTF-8"?>
<!DOCTYPE platform PUBLIC "-//NetBeans//DTD Java PlatformDefinition 1.0//EN" "http://www.netbeans.org/dtds/java-platformdefinition-1_0.dtd">
<platform default="no" name="JDK 1.8">
    <jdkhome>
        <resource>file:/usr/lib/jvm/ibm-java80-jdk-x86_64/</resource>
    </jdkhome>
    <properties>
        <property name="platform.ant.name" value="JDK_1.8"/>
    </properties>
    <sysproperties>
        <property name="awt.toolkit" value="sun.awt.X11.XToolkit"/>
        <property name="com.ibm.cpu.endian" value="little"/>
        <property name="com.ibm.jcl.checkClassPath" value=""/>
        <property name="com.ibm.oti.configuration" value="scar"/>
        <property name="com.ibm.oti.shared.enabled" value="false"/>
        <property name="com.ibm.oti.vm.bootstrap.library.path" value="/usr/lib/jvm/java-ibm-x86_64-80/jre/lib/amd64/compressedrefs:/usr/lib/jvm/java-ibm-x86_64-80/jre/lib/amd64"/>
        <property name="com.ibm.oti.vm.library.version" value="29"/>
        <property name="com.ibm.system.agent.path" value="/usr/lib/jvm/java-ibm-x86_64-80/jre/lib/amd64"/>
        <property name="com.ibm.util.extralibs.properties" value=""/>
        <property name="com.ibm.vm.bitmode" value="64"/>
        <property name="com.ibm.zero.version" value="2"/>
        <property name="file.encoding" value="UTF-8"/>
        <property name="file.encoding.pkg" value="sun.io"/>
        <property name="file.separator" value="/"/>
        <property name="ibm.signalhandling.rs" value="false"/>
        <property name="ibm.signalhandling.sigchain" value="true"/>
        <property name="ibm.signalhandling.sigint" value="true"/>
        <property name="ibm.system.encoding" value="UTF-8"/>
        <property name="java.awt.fonts" value=""/>
        <property name="java.awt.graphicsenv" value="sun.awt.X11GraphicsEnvironment"/>
        <property name="java.awt.printerjob" value="sun.print.PSPrinterJob"/>
        <property name="java.class.path" value=""/>
        <property name="java.class.version" value="52.0"/>
        <property name="java.compiler" value="j9jit29"/>
        <property name="java.endorsed.dirs" value="/usr/lib/jvm/ibm-java80-jdk-x86_64/jre/lib/endorsed"/>
        <property name="java.ext.dirs" value="/usr/lib/jvm/ibm-java80-jdk-x86_64/jre/lib/ext"/>
        <property name="java.fullversion" value="8.0.6.5 - pxa6480sr6fp5-20200111_02(SR6 FP5)&#10;JRE 1.8.0 Linux amd64-64-Bit Compressed References 20200108_436782 (JIT enabled, AOT enabled)&#10;OpenJ9   - 7d1059c&#10;OMR      - d059105&#10;IBM      - c8aee39"/>
        <property name="java.home" value="/usr/lib/jvm/ibm-java80-jdk-x86_64/jre"/>
        <property name="java.io.tmpdir" value="/tmp"/>
        <property name="java.library.path" value="/usr/lib/jvm/ibm-java80-jdk-x86_64/jre/lib/amd64/compressedrefs:/usr/lib/jvm/ibm-java80-jdk-x86_64/jre/lib/amd64:/usr/lib64:/usr/lib"/>
        <property name="java.runtime.name" value="Java(TM) SE Runtime Environment"/>
        <property name="java.runtime.version" value="8.0.6.5 - pxa6480sr6fp5-20200111_02(SR6 FP5)"/>
        <property name="java.specification.name" value="Java Platform API Specification"/>
        <property name="java.specification.vendor" value="Oracle Corporation"/>
        <property name="java.specification.version" value="1.8"/>
        <property name="java.vendor" value="IBM Corporation"/>
        <property name="java.vendor.url" value="http://www.ibm.com"/>
        <property name="java.version" value="1.8.0_241"/>
        <property name="java.vm.info" value="JRE 1.8.0 Linux amd64-64-Bit Compressed References 20200108_436782 (JIT enabled, AOT enabled)&#10;OpenJ9   - 7d1059c&#10;OMR      - d059105&#10;IBM      - c8aee39"/>
        <property name="java.vm.name" value="IBM J9 VM"/>
        <property name="java.vm.specification.name" value="Java Virtual Machine Specification"/>
        <property name="java.vm.specification.vendor" value="Oracle Corporation"/>
        <property name="java.vm.specification.version" value="1.8"/>
        <property name="java.vm.vendor" value="IBM Corporation"/>
        <property name="java.vm.version" value="2.9"/>
        <property name="line.separator" value="&#10;"/>
        <property name="os.arch" value="amd64"/>
        <property name="os.encoding" value="UTF-8"/>
        <property name="os.name" value="Linux"/>
        <property name="os.version" value="5.8.15-050815-generic"/>
        <property name="path.separator" value=":"/>
        <property name="sun.arch.data.model" value="64"/>
        <property name="sun.boot.class.path" value="/usr/lib/jvm/ibm-java80-jdk-x86_64/jre/lib/amd64/compressedrefs/jclSC180/vm.jar:/usr/lib/jvm/ibm-java80-jdk-x86_64/jre/lib/se-service.jar:/usr/lib/jvm/ibm-java80-jdk-x86_64/jre/lib/math.jar:/usr/lib/jvm/ibm-java80-jdk-x86_64/jre/lib/ibmorb.jar:/usr/lib/jvm/ibm-java80-jdk-x86_64/jre/lib/ibmorbapi.jar:/usr/lib/jvm/ibm-java80-jdk-x86_64/jre/lib/ibmcfw.jar:/usr/lib/jvm/ibm-java80-jdk-x86_64/jre/lib/ibmpkcs.jar:/usr/lib/jvm/ibm-java80-jdk-x86_64/jre/lib/ibmcertpathfw.jar:/usr/lib/jvm/ibm-java80-jdk-x86_64/jre/lib/ibmjgssfw.jar:/usr/lib/jvm/ibm-java80-jdk-x86_64/jre/lib/ibmjssefw.jar:/usr/lib/jvm/ibm-java80-jdk-x86_64/jre/lib/ibmsaslfw.jar:/usr/lib/jvm/ibm-java80-jdk-x86_64/jre/lib/ibmjcefw.jar:/usr/lib/jvm/ibm-java80-jdk-x86_64/jre/lib/ibmjgssprovider.jar:/usr/lib/jvm/ibm-java80-jdk-x86_64/jre/lib/ibmjsseprovider2.jar:/usr/lib/jvm/ibm-java80-jdk-x86_64/jre/lib/ibmcertpathprovider.jar:/usr/lib/jvm/ibm-java80-jdk-x86_64/jre/lib/xmldsigfw.jar:/usr/lib/jvm/ibm-java80-jdk-x86_64/jre/lib/xml.jar:/usr/lib/jvm/ibm-java80-jdk-x86_64/jre/lib/charsets.jar:/usr/lib/jvm/ibm-java80-jdk-x86_64/jre/lib/resources.jar:/usr/lib/jvm/ibm-java80-jdk-x86_64/jre/lib/rt.jar:/usr/lib/jvm/ibm-java80-jdk-x86_64/jre/lib/dataaccess.jar"/>
        <property name="sun.boot.library.path" value="/usr/lib/jvm/ibm-java80-jdk-x86_64/jre/lib/amd64/compressedrefs:/usr/lib/jvm/ibm-java80-jdk-x86_64/jre/lib/amd64"/>
        <property name="sun.cpu.endian" value="little"/>
        <property name="sun.io.unicode.encoding" value="UnicodeLittle"/>
        <property name="sun.java.command" value="J2SEPlatformProbe /tmp/nb-platformdetect5726001867948044685properties"/>
        <property name="sun.java.launcher" value="SUN_STANDARD"/>
        <property name="sun.java.launcher.pid" value="18911"/>
        <property name="sun.jnu.encoding" value="UTF-8"/>
        <property name="user.country" value="US"/>
        <property name="user.dir" value=""/>
        <property name="user.home" value="/home/xxxajk"/>
        <property name="user.language" value="en"/>
        <property name="user.name" value="xxxajk"/>
        <property name="user.timezone" value="America/New_York"/>
        <property name="user.variant" value=""/>
    </sysproperties>
</platform>
