<?xml version="1.0" encoding="UTF-8"?>
<!DOCTYPE fontscolors PUBLIC "-//NetBeans//DTD Editor Fonts and Colors settings 1.1//EN" "http://www.netbeans.org/dtds/EditorFontsColors-1_1.dtd">
<fontscolors>
    <fontcolor default="default" foreColor="cyan" name="xml-doctype">
        <font style="bold"/>
    </fontcolor>
    <fontcolor default="entity-reference" foreColor="lightGray" name="xml-ref"/>
    <fontcolor default="default" foreColor="cyan" name="xml-pi-end">
        <font style="bold"/>
    </fontcolor>
    <fontcolor default="default" foreColor="cyan" name="xml-pi-target">
        <font style="bold"/>
    </fontcolor>
    <fontcolor default="default" foreColor="cyan" name="xml-pi-start">
        <font style="bold"/>
    </fontcolor>
</fontscolors>
