<?xml version="1.0" encoding="UTF-8"?>
<!DOCTYPE fontscolors PUBLIC "-//NetBeans//DTD Editor Fonts and Colors settings 1.2//EN" "http://netbeans.apache.org/dtds/EditorFontsColors-1_2.dtd">
<fontscolors>
    <fontcolor default="identifier" name="identifier"/>
    <fontcolor default="number" name="number"/>
    <fontcolor default="string" name="string"/>
    <fontcolor default="comment" name="comment"/>
    <fontcolor default="error" name="error"/>
    <fontcolor default="keyword" name="keyword"/>
    <fontcolor default="whitespace" name="whitespace"/>
    <fontcolor default="keyword" name="command"/>
    <fontcolor default="operator" name="operator"/>
</fontscolors>
