<?xml version="1.0" encoding="UTF-8"?>
<!DOCTYPE fontscolors PUBLIC "-//NetBeans//DTD Editor Fonts and Colors settings 1.1//EN" "http://www.netbeans.org/dtds/EditorFontsColors-1_1.dtd">
<fontscolors>
    <fontcolor bgColor="darkGray" name="nbeditor-bracesMatching-match"/>
    <fontcolor bgColor="ff6c1b1b" name="nbeditor-bracesMatching-mismatch"/>
    <fontcolor bgColor="darkGray" name="readonly-files"/>
    <fontcolor bgColor="black" name="line-number"/>
    <fontcolor bgColor="ff001515" name="highlight-caret-row"/>
    <fontcolor foreColor="white" name="caret-color-overwrite-mode"/>
    <fontcolor bgColor="ffdfdfdf" foreColor="black" name="guarded"/>
    <fontcolor bgColor="ff666600" name="trailing-whitespace"/>
    <fontcolor bgColor="ff006666" name="selection"/>
    <fontcolor bgColor="darkGray" name="nbeditor-bracesMatching-match-multichar"/>
    <fontcolor bgColor="ff6c1b1b" name="nbeditor-bracesMatching-mismatch-multichar"/>
    <fontcolor foreColor="white" name="caret-color-insert-mode"/>
    <fontcolor foreColor="ff0050ff" name="hyperlinks" underline="ff0050ff"/>
</fontscolors>
