<?xml version="1.0" encoding="UTF-8"?>
<!DOCTYPE fontscolors PUBLIC "-//NetBeans//DTD Editor Fonts and Colors settings 1.1//EN" "http://www.netbeans.org/dtds/EditorFontsColors-1_1.dtd">
<fontscolors>
    <fontcolor foreColor="white" name="number"/>
    <fontcolor bgColor="black" foreColor="white" name="default">
        <font name="CODERMono8x16" size="15" style="plain"/>
    </fontcolor>
    <fontcolor default="keyword" foreColor="magenta" name="markup-element"/>
    <fontcolor foreColor="ffce7b00" name="char"/>
    <fontcolor bgColor="red" foreColor="black" name="warning" waveUnderlined="yellow"/>
    <fontcolor foreColor="cyan" name="keyword"/>
    <fontcolor name="whitespace"/>
    <fontcolor default="default" foreColor="darkGray" name="entity-reference">
        <font style="bold"/>
    </fontcolor>
</fontscolors>
