<?xml version="1.0" encoding="UTF-8"?>
<!DOCTYPE bindings PUBLIC "-//NetBeans//DTD Editor KeyBindings settings 1.1//EN" "http://www.netbeans.org/dtds/EditorKeyBindings-1_1.dtd">
<bindings>
    <bind key="O-0" remove="true"/>
    <bind key="O-X" remove="true"/>
    <bind key="DO-Z" remove="true"/>
    <bind key="S-SPACE" remove="true"/>
    <bind key="O-1" remove="true"/>
    <bind key="S-F10" remove="true"/>
    <bind key="D-QUOTE" remove="true"/>
    <bind key="O-MINUS" remove="true"/>
</bindings>
