<?xml version="1.0" encoding="UTF-8"?>
<!DOCTYPE fontscolors PUBLIC "-//NetBeans//DTD Editor Fonts and Colors settings 1.2//EN" "http://netbeans.apache.org/dtds/EditorFontsColors-1_2.dtd">
<fontscolors>
    <fontcolor foreColor="cyan" name="mod-private">
        <font style="bold"/>
    </fontcolor>
    <fontcolor foreColor="gray" name="at_rule_symbol">
        <font style="bold"/>
    </fontcolor>
    <fontcolor foreColor="lightGray" name="mod-custom3">
        <font style="italic"/>
    </fontcolor>
    <fontcolor foreColor="green" name="mod-local-variable"/>
</fontscolors>
