<?xml version="1.0" encoding="UTF-8"?>
<!DOCTYPE editor-preferences PUBLIC "-//NetBeans//DTD Editor Preferences 1.0//EN" "http://www.netbeans.org/dtds/EditorPreferences-1_0.dtd">
<editor-preferences>
    <entry javaType="java.lang.Boolean" name="allowConvertToStarImport" xml:space="preserve"><value><![CDATA[false]]></value></entry>
    <entry javaType="java.lang.Boolean" name="allowConvertToStaticStarImport" xml:space="preserve"><value><![CDATA[false]]></value></entry>
    <entry javaType="java.lang.Boolean" name="code-folding-collapse-initial-comment" xml:space="preserve"><value><![CDATA[false]]></value></entry>
    <entry javaType="java.lang.Boolean" name="code-folding-collapse-tags" xml:space="preserve"><value><![CDATA[false]]></value></entry>
    <entry javaType="java.lang.Boolean" name="enable-indent" xml:space="preserve"><value><![CDATA[true]]></value></entry>
    <entry javaType="java.lang.String" name="importGroupsOrder" xml:space="preserve"><value><![CDATA[*]]></value></entry>
    <entry javaType="java.lang.Boolean" name="spaceBeforeArrayInitLeftBrace" xml:space="preserve"><value><![CDATA[true]]></value></entry>
    <entry javaType="java.lang.Boolean" name="spaceBeforeCatchParen" xml:space="preserve"><value><![CDATA[false]]></value></entry>
    <entry javaType="java.lang.Boolean" name="spaceBeforeForParen" xml:space="preserve"><value><![CDATA[false]]></value></entry>
    <entry javaType="java.lang.Boolean" name="spaceBeforeIfParen" xml:space="preserve"><value><![CDATA[false]]></value></entry>
    <entry javaType="java.lang.Boolean" name="spaceBeforeSwitchParen" xml:space="preserve"><value><![CDATA[false]]></value></entry>
    <entry javaType="java.lang.Boolean" name="spaceBeforeSynchronizedParen" xml:space="preserve"><value><![CDATA[false]]></value></entry>
    <entry javaType="java.lang.Boolean" name="spaceBeforeTryParen" xml:space="preserve"><value><![CDATA[false]]></value></entry>
    <entry javaType="java.lang.Boolean" name="spaceBeforeWhileParen" xml:space="preserve"><value><![CDATA[false]]></value></entry>
    <entry name="code-folding-collapse-innerclass" remove="true"/>
    <entry name="code-folding-collapse-javadoc" remove="true"/>
    <entry name="code-folding-collapse-method" remove="true"/>
    <entry name="pair-characters-completion" remove="true"/>
    <entry name="show-deprecated-members" remove="true"/>
</editor-preferences>
