<?xml version="1.0" encoding="UTF-8"?>
<!DOCTYPE fontscolors PUBLIC "-//NetBeans//DTD Editor Fonts and Colors settings 1.2//EN" "http://netbeans.apache.org/dtds/EditorFontsColors-1_2.dtd">
<fontscolors>
    <fontcolor default="number" name="ASM_NUMBER"/>
    <fontcolor default="Id" foreColor="ff99006b" name="ASM_UNKWN_ID"/>
    <fontcolor default="Imm operand" foreColor="ff9933cc" name="ASM_IMM_OP"/>
    <fontcolor default="Register" foreColor="ff2e92c7" name="ASM_REGISTER"/>
    <fontcolor default="Instruction" foreColor="ff009b00" name="ASM_INSTRUCTION"/>
    <fontcolor default="Label" name="ASM_LABEL_INST">
        <font style="bold"/>
    </fontcolor>
    <fontcolor default="Directive" foreColor="ff0000e6" name="ASM_DIRECTIVE"/>
    <fontcolor default="Label" name="ASM_LABEL">
        <font style="bold"/>
    </fontcolor>
    <fontcolor default="Comment" foreColor="ff969696" name="ASM_COMMENT"/>
    <fontcolor default="String" foreColor="ffce7b00" name="ASM_STRING"/>
    <fontcolor default="Character" foreColor="ffce7b00" name="ASM_CHARACTER"/>
</fontscolors>
