<?xml version="1.0" encoding="UTF-8"?>
<!DOCTYPE fontscolors PUBLIC "-//NetBeans//DTD Editor Fonts and Colors settings 1.2//EN" "http://netbeans.apache.org/dtds/EditorFontsColors-1_2.dtd">
<fontscolors>
    <fontcolor default="default" foreColor="green" name="xml-doctype">
        <font style="bold"/>
    </fontcolor>
    <fontcolor default="default" foreColor="cyan" name="xml-cdata-section"/>
    <fontcolor default="default" foreColor="yellow" name="pi-content"/>
    <fontcolor default="default" foreColor="yellow" name="xml-pi-target">
        <font style="bold"/>
    </fontcolor>
    <fontcolor default="default" foreColor="lightGray" name="xml-pi-start">
        <font style="bold"/>
    </fontcolor>
    <fontcolor default="default" foreColor="lightGray" name="pi-end">
        <font style="bold"/>
    </fontcolor>
</fontscolors>
