<?xml version='1.0'?>
<!DOCTYPE platform PUBLIC '-//NetBeans//DTD J2ME PlatformDefinition 1.0//EN' 'http://www.netbeans.org/dtds/j2me-platformdefinition-1_0.dtd'>
<platform name="Sun_Java_TM__Wireless_Toolkit_2_5_2_for_CLDC" home="/usr/local/netbeans-7.1.2/mobility/WTK2.5.2" type="UEI-1.0.1" displayname="Sun Java(TM) Wireless Toolkit 2.5.2 for CLDC" srcpath="" docpath="${platform.home}/apps/AdvancedMultimediaSupplements/docs,${platform.home}/apps/Audiodemo/docs,${platform.home}/apps/BluetoothDemo/docs,${platform.home}/apps/CHAPIDemo/docs,${platform.home}/apps/CityGuide/docs,${platform.home}/apps/Demo3D/docs,${platform.home}/apps/Demos/docs,${platform.home}/apps/FPDemo/docs,${platform.home}/apps/Games/docs,${platform.home}/apps/GoSIP/docs,${platform.home}/apps/i18nDemo/docs,${platform.home}/apps/JBricks/docs,${platform.home}/apps/JSR172Demo/docs,${platform.home}/apps/MobileMediaAPI/docs,${platform.home}/apps/NetworkDemo/docs,${platform.home}/apps/ObexDemo/docs,${platform.home}/apps/OpenGLESDemo/docs,${platform.home}/apps/PDAPDemo/docs,${platform.home}/apps/Photoalbum/docs,${platform.home}/apps/SATSADemos/docs,${platform.home}/apps/SATSAJCRMIDemo/docs,${platform.home}/apps/SIPDemo/docs,${platform.home}/apps/SnapMobileSample/docs,${platform.home}/apps/SVGContactList/docs,${platform.home}/apps/SVGDemo/docs,${platform.home}/apps/UIDemo/docs,${platform.home}/apps/WMADemo/docs,${platform.home}/docs/api/jsr082,${platform.home}/docs/api/jsr135,${platform.home}/docs/api/jsr172,${platform.home}/docs/api/jsr177,${platform.home}/docs/api/jsr211,${platform.home}/docs/api/jsr239,${platform.home}/docs/api/midp,${platform.home}/docs/BasicCustomizationGuide-html,${platform.home}/docs/SnapMobile,${platform.home}/docs/UserGuide-html,${platform.home}/docs/wtk/wmaBridge,">
    <device name="DefaultColorPhone" securitydomains="manufacturer,minimum,identified_third_party,unidentified_third_party,maximum" description="DefaultColorPhone">
        <optional name="JSR179" version="1.0.1" displayname="Location Based APIs" classpath="${platform.home}/lib/jsr179.jar" dependencies="CLDC > 1.0" default="true"/>
        <optional name="JSR184" version="1.1" displayname="Mobile 3D Graphics Optional Package" classpath="${platform.home}/lib/jsr184.jar" dependencies="CLDC > 1.0" default="true"/>
        <optional name="JSR172" version="1.0" displayname="J2ME Web Services" classpath="${platform.home}/lib/j2me-xmlrpc.jar" dependencies="" default="true"/>
        <optional name="MMAPI" version="1.1" displayname="Mobile Media API" classpath="${platform.home}/lib/mmapi.jar" dependencies="CLDC > 1.0" default="true"/>
        <optional name="JSR177" version="1.0" displayname="Security and Trust Services APIs" classpath="${platform.home}/lib/satsa-apdu.jar:${platform.home}/lib/satsa-jcrmi.jar" dependencies="" default="true"/>
        <optional name="JSR229" version="1.1.0" displayname="Payment API" classpath="${platform.home}/lib/jsr229.jar" dependencies="CLDC >= 1.1" default="true"/>
        <optional name="JSR239" version="1.0" displayname="Java(TM) Binding for OpenGL(R) ES API Reference Implementation" classpath="${platform.home}/lib/jsr239.jar" dependencies="CLDC > 1.0" default="true"/>
        <optional name="JSR238" version="1.0" displayname="Mobile Internationalization API" classpath="${platform.home}/lib/jsr238.jar" dependencies="CLDC > 1.0" default="true"/>
        <configuration name="CLDC" version="1.0" displayname="Connected Limited Device Configuration" classpath="${platform.home}/lib/cldcapi10.jar" dependencies="" default="false"/>
        <optional name="JSR82" version="1.1" displayname="Java APIs for Bluetooth Wireless Technology" classpath="${platform.home}/lib/jsr082.jar" dependencies="CLDC" default="true"/>
        <optional name="WMA" version="2.0" displayname="Wireless Messaging API" classpath="${platform.home}/lib/wma20.jar" dependencies="CLDC > 1.0, MIDP > 2.0" default="true"/>
        <optional name="JSR234" version="1.0" displayname="Advanced Multimedia Supplements API" classpath="${platform.home}/lib/jsr234.jar" dependencies="CLDC > 1.0" default="true"/>
        <optional name="J2ME-XMLRPC" version="1.0" displayname="J2ME XML/RPC" classpath="${platform.home}/lib/j2me-xmlrpc.jar" dependencies="CLDC >= 1.0" default="true"/>
        <optional name="SATSA-APDU" version="1.0" displayname="Application Protocol Data Unit APIs " classpath="${platform.home}/lib/satsa-apdu.jar" dependencies="CLDC > 1.0" default="true"/>
        <optional name="JSR211" version="1.0" displayname="ContentHandler APIs" classpath="${platform.home}/lib/jsr211.jar" dependencies="CLDC >= 1.0" default="true"/>
        <optional name="WMA" version="1.1" displayname="Wireless Messaging API" classpath="${platform.home}/lib/wma11.jar" dependencies="CLDC >= 1.0, MIDP >= 1.0" default="false"/>
        <optional name="SATSA-JCRMI" version="1.0" displayname="Java Card RMI APIs " classpath="${platform.home}/lib/satsa-jcrmi.jar" dependencies="CLDC > 1.0" default="true"/>
        <optional name="SATSA-CRYPTO" version="1.0" displayname="Java Cryptographics Extension APIs " classpath="${platform.home}/lib/satsa-crypto.jar" dependencies="CLDC > 1.0" default="true"/>
        <profile name="MIDP" version="2.0" displayname="Mobile Information Device Profile" classpath="${platform.home}/lib/midpapi20.jar" dependencies="CLDC > 1.0" default="false"/>
        <optional name="J2ME-WS" version="1.0" displayname="J2ME Web Services" classpath="${platform.home}/lib/j2me-ws.jar" dependencies="CLDC >= 1.0, J2ME-XMLRPC" default="true"/>
        <optional name="JSR75" version="1.0" displayname="File Connection and PIM Optional Packages" classpath="${platform.home}/lib/jsr75.jar" dependencies="CLDC > 1.0" default="true"/>
        <configuration name="CLDC" version="1.1" displayname="Connected Limited Device Configuration" classpath="${platform.home}/lib/cldcapi11.jar" dependencies="" default="true"/>
        <optional name="JSR180" version="1.0.1" displayname="SIP API" classpath="${platform.home}/lib/jsr180.jar" dependencies="CLDC" default="true"/>
        <optional name="SATSA-PKI" version="1.0" displayname="Public Key Infrastructure APIs " classpath="${platform.home}/lib/satsa-pki.jar" dependencies="CLDC > 1.0" default="true"/>
        <optional name="OBEX" version="1.0" displayname="Object Exchange APIs" classpath="${platform.home}/lib/jsr082.jar" dependencies="" default="true"/>
        <profile name="MIDP" version="2.1" displayname="Mobile Information Device Profile" classpath="${platform.home}/lib/midpapi21.jar" dependencies="CLDC > 1.0" default="true"/>
        <profile name="MIDP" version="1.0" displayname="Mobile Information Device Profile" classpath="${platform.home}/lib/midpapi10.jar" dependencies="CLDC > 1.0" default="false"/>
        <optional name="JSR226" version="1.0" displayname="SVG API" classpath="${platform.home}/lib/jsr226.jar" dependencies="CLDC >= 1.1" default="true"/>
        <screen width="240" height="320" bitDepth="8" isColor="true" isTouch="false"/>
    </device>
    <device name="DefaultGrayPhone" securitydomains="manufacturer,minimum,identified_third_party,unidentified_third_party,maximum" description="DefaultGrayPhone">
        <optional name="JSR179" version="1.0.1" displayname="Location Based APIs" classpath="${platform.home}/lib/jsr179.jar" dependencies="CLDC > 1.0" default="true"/>
        <optional name="JSR184" version="1.1" displayname="Mobile 3D Graphics Optional Package" classpath="${platform.home}/lib/jsr184.jar" dependencies="CLDC > 1.0" default="true"/>
        <optional name="JSR172" version="1.0" displayname="J2ME Web Services" classpath="${platform.home}/lib/j2me-xmlrpc.jar" dependencies="" default="true"/>
        <optional name="MMAPI" version="1.1" displayname="Mobile Media API" classpath="${platform.home}/lib/mmapi.jar" dependencies="CLDC > 1.0" default="true"/>
        <optional name="JSR177" version="1.0" displayname="Security and Trust Services APIs" classpath="${platform.home}/lib/satsa-apdu.jar:${platform.home}/lib/satsa-jcrmi.jar" dependencies="" default="true"/>
        <optional name="JSR239" version="1.0" displayname="Java(TM) Binding for OpenGL(R) ES API Reference Implementation" classpath="${platform.home}/lib/jsr239.jar" dependencies="CLDC > 1.0" default="true"/>
        <optional name="JSR229" version="1.1.0" displayname="Payment API" classpath="${platform.home}/lib/jsr229.jar" dependencies="CLDC >= 1.1" default="true"/>
        <optional name="JSR238" version="1.0" displayname="Mobile Internationalization API" classpath="${platform.home}/lib/jsr238.jar" dependencies="CLDC > 1.0" default="true"/>
        <optional name="JSR82" version="1.1" displayname="Java APIs for Bluetooth Wireless Technology" classpath="${platform.home}/lib/jsr082.jar" dependencies="CLDC" default="true"/>
        <configuration name="CLDC" version="1.0" displayname="Connected Limited Device Configuration" classpath="${platform.home}/lib/cldcapi10.jar" dependencies="" default="false"/>
        <optional name="WMA" version="2.0" displayname="Wireless Messaging API" classpath="${platform.home}/lib/wma20.jar" dependencies="CLDC > 1.0, MIDP > 2.0" default="true"/>
        <optional name="JSR234" version="1.0" displayname="Advanced Multimedia Supplements API" classpath="${platform.home}/lib/jsr234.jar" dependencies="CLDC > 1.0" default="true"/>
        <optional name="J2ME-XMLRPC" version="1.0" displayname="J2ME XML/RPC" classpath="${platform.home}/lib/j2me-xmlrpc.jar" dependencies="CLDC >= 1.0" default="true"/>
        <optional name="SATSA-APDU" version="1.0" displayname="Application Protocol Data Unit APIs " classpath="${platform.home}/lib/satsa-apdu.jar" dependencies="CLDC > 1.0" default="true"/>
        <optional name="JSR211" version="1.0" displayname="ContentHandler APIs" classpath="${platform.home}/lib/jsr211.jar" dependencies="CLDC >= 1.0" default="true"/>
        <optional name="WMA" version="1.1" displayname="Wireless Messaging API" classpath="${platform.home}/lib/wma11.jar" dependencies="CLDC >= 1.0, MIDP >= 1.0" default="false"/>
        <optional name="SATSA-JCRMI" version="1.0" displayname="Java Card RMI APIs " classpath="${platform.home}/lib/satsa-jcrmi.jar" dependencies="CLDC > 1.0" default="true"/>
        <optional name="SATSA-CRYPTO" version="1.0" displayname="Java Cryptographics Extension APIs " classpath="${platform.home}/lib/satsa-crypto.jar" dependencies="CLDC > 1.0" default="true"/>
        <optional name="J2ME-WS" version="1.0" displayname="J2ME Web Services" classpath="${platform.home}/lib/j2me-ws.jar" dependencies="CLDC >= 1.0, J2ME-XMLRPC" default="true"/>
        <profile name="MIDP" version="2.0" displayname="Mobile Information Device Profile" classpath="${platform.home}/lib/midpapi20.jar" dependencies="CLDC > 1.0" default="false"/>
        <optional name="JSR75" version="1.0" displayname="File Connection and PIM Optional Packages" classpath="${platform.home}/lib/jsr75.jar" dependencies="CLDC > 1.0" default="true"/>
        <configuration name="CLDC" version="1.1" displayname="Connected Limited Device Configuration" classpath="${platform.home}/lib/cldcapi11.jar" dependencies="" default="true"/>
        <optional name="JSR180" version="1.0.1" displayname="SIP API" classpath="${platform.home}/lib/jsr180.jar" dependencies="CLDC" default="true"/>
        <optional name="SATSA-PKI" version="1.0" displayname="Public Key Infrastructure APIs " classpath="${platform.home}/lib/satsa-pki.jar" dependencies="CLDC > 1.0" default="true"/>
        <optional name="OBEX" version="1.0" displayname="Object Exchange APIs" classpath="${platform.home}/lib/jsr082.jar" dependencies="" default="true"/>
        <profile name="MIDP" version="2.1" displayname="Mobile Information Device Profile" classpath="${platform.home}/lib/midpapi21.jar" dependencies="CLDC > 1.0" default="true"/>
        <profile name="MIDP" version="1.0" displayname="Mobile Information Device Profile" classpath="${platform.home}/lib/midpapi10.jar" dependencies="CLDC > 1.0" default="false"/>
        <optional name="JSR226" version="1.0" displayname="SVG API" classpath="${platform.home}/lib/jsr226.jar" dependencies="CLDC >= 1.1" default="true"/>
        <screen width="180" height="208" bitDepth="8" isColor="false" isTouch="false"/>
    </device>
    <device name="MediaControlSkin" securitydomains="manufacturer,minimum,identified_third_party,unidentified_third_party,maximum" description="MediaControlSkin">
        <optional name="JSR179" version="1.0.1" displayname="Location Based APIs" classpath="${platform.home}/lib/jsr179.jar" dependencies="CLDC > 1.0" default="true"/>
        <optional name="JSR184" version="1.1" displayname="Mobile 3D Graphics Optional Package" classpath="${platform.home}/lib/jsr184.jar" dependencies="CLDC > 1.0" default="true"/>
        <optional name="JSR172" version="1.0" displayname="J2ME Web Services" classpath="${platform.home}/lib/j2me-xmlrpc.jar" dependencies="" default="true"/>
        <optional name="MMAPI" version="1.1" displayname="Mobile Media API" classpath="${platform.home}/lib/mmapi.jar" dependencies="CLDC > 1.0" default="true"/>
        <optional name="JSR177" version="1.0" displayname="Security and Trust Services APIs" classpath="${platform.home}/lib/satsa-jcrmi.jar:${platform.home}/lib/satsa-apdu.jar" dependencies="" default="true"/>
        <optional name="JSR239" version="1.0" displayname="Java(TM) Binding for OpenGL(R) ES API Reference Implementation" classpath="${platform.home}/lib/jsr239.jar" dependencies="CLDC > 1.0" default="true"/>
        <optional name="JSR229" version="1.1.0" displayname="Payment API" classpath="${platform.home}/lib/jsr229.jar" dependencies="CLDC >= 1.1" default="true"/>
        <optional name="JSR238" version="1.0" displayname="Mobile Internationalization API" classpath="${platform.home}/lib/jsr238.jar" dependencies="CLDC > 1.0" default="true"/>
        <optional name="JSR82" version="1.1" displayname="Java APIs for Bluetooth Wireless Technology" classpath="${platform.home}/lib/jsr082.jar" dependencies="CLDC" default="true"/>
        <configuration name="CLDC" version="1.0" displayname="Connected Limited Device Configuration" classpath="${platform.home}/lib/cldcapi10.jar" dependencies="" default="false"/>
        <optional name="WMA" version="2.0" displayname="Wireless Messaging API" classpath="${platform.home}/lib/wma20.jar" dependencies="CLDC > 1.0, MIDP > 2.0" default="true"/>
        <optional name="JSR234" version="1.0" displayname="Advanced Multimedia Supplements API" classpath="${platform.home}/lib/jsr234.jar" dependencies="CLDC > 1.0" default="true"/>
        <optional name="J2ME-XMLRPC" version="1.0" displayname="J2ME XML/RPC" classpath="${platform.home}/lib/j2me-xmlrpc.jar" dependencies="CLDC >= 1.0" default="true"/>
        <optional name="JSR211" version="1.0" displayname="ContentHandler APIs" classpath="${platform.home}/lib/jsr211.jar" dependencies="CLDC >= 1.0" default="true"/>
        <optional name="SATSA-APDU" version="1.0" displayname="Application Protocol Data Unit APIs " classpath="${platform.home}/lib/satsa-apdu.jar" dependencies="CLDC > 1.0" default="true"/>
        <optional name="WMA" version="1.1" displayname="Wireless Messaging API" classpath="${platform.home}/lib/wma11.jar" dependencies="CLDC >= 1.0, MIDP >= 1.0" default="false"/>
        <optional name="SATSA-JCRMI" version="1.0" displayname="Java Card RMI APIs " classpath="${platform.home}/lib/satsa-jcrmi.jar" dependencies="CLDC > 1.0" default="true"/>
        <optional name="SATSA-CRYPTO" version="1.0" displayname="Java Cryptographics Extension APIs " classpath="${platform.home}/lib/satsa-crypto.jar" dependencies="CLDC > 1.0" default="true"/>
        <optional name="J2ME-WS" version="1.0" displayname="J2ME Web Services" classpath="${platform.home}/lib/j2me-ws.jar" dependencies="CLDC >= 1.0, J2ME-XMLRPC" default="true"/>
        <profile name="MIDP" version="2.0" displayname="Mobile Information Device Profile" classpath="${platform.home}/lib/midpapi20.jar" dependencies="CLDC > 1.0" default="false"/>
        <optional name="JSR75" version="1.0" displayname="File Connection and PIM Optional Packages" classpath="${platform.home}/lib/jsr75.jar" dependencies="CLDC > 1.0" default="true"/>
        <configuration name="CLDC" version="1.1" displayname="Connected Limited Device Configuration" classpath="${platform.home}/lib/cldcapi11.jar" dependencies="" default="true"/>
        <optional name="JSR180" version="1.0.1" displayname="SIP API" classpath="${platform.home}/lib/jsr180.jar" dependencies="CLDC" default="true"/>
        <optional name="SATSA-PKI" version="1.0" displayname="Public Key Infrastructure APIs " classpath="${platform.home}/lib/satsa-pki.jar" dependencies="CLDC > 1.0" default="true"/>
        <optional name="OBEX" version="1.0" displayname="Object Exchange APIs" classpath="${platform.home}/lib/jsr082.jar" dependencies="" default="true"/>
        <profile name="MIDP" version="2.1" displayname="Mobile Information Device Profile" classpath="${platform.home}/lib/midpapi21.jar" dependencies="CLDC > 1.0" default="true"/>
        <profile name="MIDP" version="1.0" displayname="Mobile Information Device Profile" classpath="${platform.home}/lib/midpapi10.jar" dependencies="CLDC > 1.0" default="false"/>
        <optional name="JSR226" version="1.0" displayname="SVG API" classpath="${platform.home}/lib/jsr226.jar" dependencies="CLDC >= 1.1" default="true"/>
        <screen width="180" height="208" bitDepth="8" isColor="true" isTouch="false"/>
    </device>
    <device name="QwertyDevice" securitydomains="manufacturer,minimum,identified_third_party,unidentified_third_party,maximum" description="QwertyDevice">
        <optional name="JSR179" version="1.0.1" displayname="Location Based APIs" classpath="${platform.home}/lib/jsr179.jar" dependencies="CLDC > 1.0" default="true"/>
        <optional name="JSR184" version="1.1" displayname="Mobile 3D Graphics Optional Package" classpath="${platform.home}/lib/jsr184.jar" dependencies="CLDC > 1.0" default="true"/>
        <optional name="JSR172" version="1.0" displayname="J2ME Web Services" classpath="${platform.home}/lib/j2me-xmlrpc.jar" dependencies="" default="true"/>
        <optional name="MMAPI" version="1.1" displayname="Mobile Media API" classpath="${platform.home}/lib/mmapi.jar" dependencies="CLDC > 1.0" default="true"/>
        <optional name="JSR177" version="1.0" displayname="Security and Trust Services APIs" classpath="${platform.home}/lib/satsa-jcrmi.jar:${platform.home}/lib/satsa-apdu.jar" dependencies="" default="true"/>
        <optional name="JSR239" version="1.0" displayname="Java(TM) Binding for OpenGL(R) ES API Reference Implementation" classpath="${platform.home}/lib/jsr239.jar" dependencies="CLDC > 1.0" default="true"/>
        <optional name="JSR229" version="1.1.0" displayname="Payment API" classpath="${platform.home}/lib/jsr229.jar" dependencies="CLDC >= 1.1" default="true"/>
        <optional name="JSR238" version="1.0" displayname="Mobile Internationalization API" classpath="${platform.home}/lib/jsr238.jar" dependencies="CLDC > 1.0" default="true"/>
        <optional name="JSR82" version="1.1" displayname="Java APIs for Bluetooth Wireless Technology" classpath="${platform.home}/lib/jsr082.jar" dependencies="CLDC" default="true"/>
        <configuration name="CLDC" version="1.0" displayname="Connected Limited Device Configuration" classpath="${platform.home}/lib/cldcapi10.jar" dependencies="" default="false"/>
        <optional name="WMA" version="2.0" displayname="Wireless Messaging API" classpath="${platform.home}/lib/wma20.jar" dependencies="CLDC > 1.0, MIDP > 2.0" default="true"/>
        <optional name="JSR234" version="1.0" displayname="Advanced Multimedia Supplements API" classpath="${platform.home}/lib/jsr234.jar" dependencies="CLDC > 1.0" default="true"/>
        <optional name="J2ME-XMLRPC" version="1.0" displayname="J2ME XML/RPC" classpath="${platform.home}/lib/j2me-xmlrpc.jar" dependencies="CLDC >= 1.0" default="true"/>
        <optional name="JSR211" version="1.0" displayname="ContentHandler APIs" classpath="${platform.home}/lib/jsr211.jar" dependencies="CLDC >= 1.0" default="true"/>
        <optional name="SATSA-APDU" version="1.0" displayname="Application Protocol Data Unit APIs " classpath="${platform.home}/lib/satsa-apdu.jar" dependencies="CLDC > 1.0" default="true"/>
        <optional name="SATSA-JCRMI" version="1.0" displayname="Java Card RMI APIs " classpath="${platform.home}/lib/satsa-jcrmi.jar" dependencies="CLDC > 1.0" default="true"/>
        <optional name="WMA" version="1.1" displayname="Wireless Messaging API" classpath="${platform.home}/lib/wma11.jar" dependencies="CLDC >= 1.0, MIDP >= 1.0" default="false"/>
        <optional name="SATSA-CRYPTO" version="1.0" displayname="Java Cryptographics Extension APIs " classpath="${platform.home}/lib/satsa-crypto.jar" dependencies="CLDC > 1.0" default="true"/>
        <profile name="MIDP" version="2.0" displayname="Mobile Information Device Profile" classpath="${platform.home}/lib/midpapi20.jar" dependencies="CLDC > 1.0" default="false"/>
        <optional name="J2ME-WS" version="1.0" displayname="J2ME Web Services" classpath="${platform.home}/lib/j2me-ws.jar" dependencies="CLDC >= 1.0, J2ME-XMLRPC" default="true"/>
        <optional name="JSR75" version="1.0" displayname="File Connection and PIM Optional Packages" classpath="${platform.home}/lib/jsr75.jar" dependencies="CLDC > 1.0" default="true"/>
        <configuration name="CLDC" version="1.1" displayname="Connected Limited Device Configuration" classpath="${platform.home}/lib/cldcapi11.jar" dependencies="" default="true"/>
        <optional name="JSR180" version="1.0.1" displayname="SIP API" classpath="${platform.home}/lib/jsr180.jar" dependencies="CLDC" default="true"/>
        <optional name="SATSA-PKI" version="1.0" displayname="Public Key Infrastructure APIs " classpath="${platform.home}/lib/satsa-pki.jar" dependencies="CLDC > 1.0" default="true"/>
        <optional name="OBEX" version="1.0" displayname="Object Exchange APIs" classpath="${platform.home}/lib/jsr082.jar" dependencies="" default="true"/>
        <profile name="MIDP" version="2.1" displayname="Mobile Information Device Profile" classpath="${platform.home}/lib/midpapi21.jar" dependencies="CLDC > 1.0" default="true"/>
        <profile name="MIDP" version="1.0" displayname="Mobile Information Device Profile" classpath="${platform.home}/lib/midpapi10.jar" dependencies="CLDC > 1.0" default="false"/>
        <optional name="JSR226" version="1.0" displayname="SVG API" classpath="${platform.home}/lib/jsr226.jar" dependencies="CLDC >= 1.1" default="true"/>
        <screen width="320" height="320" bitDepth="12" isColor="true" isTouch="false"/>
    </device>
</platform>
