<?xml version="1.0" encoding="UTF-8"?>
<!DOCTYPE fontscolors PUBLIC "-//NetBeans//DTD Editor Fonts and Colors settings 1.2//EN" "http://netbeans.apache.org/dtds/EditorFontsColors-1_2.dtd">
<fontscolors>
    <fontcolor bgColor="blue" name="filename">
        <font style="bold+italic"/>
    </fontcolor>
    <fontcolor foreColor="green" name="added"/>
    <fontcolor bgColor="ffe0e0e0" foreColor="black" name="index">
        <font style="bold"/>
    </fontcolor>
    <fontcolor bgColor="ffe0e0e0" foreColor="blue" name="header">
        <font style="bold"/>
    </fontcolor>
</fontscolors>
