<?xml version="1.0" encoding="UTF-8"?>
<!DOCTYPE fontscolors PUBLIC "-//NetBeans//DTD Editor Fonts and Colors settings 1.2//EN" "http://netbeans.apache.org/dtds/EditorFontsColors-1_2.dtd">
<fontscolors>
    <fontcolor default="field" name="macro">
        <font style="bold"/>
    </fontcolor>
    <fontcolor default="operator" name="special_target">
        <font style="bold"/>
    </fontcolor>
    <fontcolor default="whitespace" name="tab"/>
    <fontcolor default="identifier" name="shell"/>
    <fontcolor default="comment" name="comment"/>
    <fontcolor default="identifier" name="bare"/>
    <fontcolor default="keyword" name="keyword"/>
    <fontcolor default="whitespace" name="whitespace"/>
    <fontcolor default="operator" name="separator"/>
</fontscolors>
